{"autoplayTransitionDelay":5,"author":"","timestamp":"2021-56-10 9:1:7","loopSlideshow":0,"filename":"Junior School Jobs Fair","autoplayBuildDelay":2,"comment":"","title":"Junior School Jobs Fair","showMode":2,"creator":"Apple Keynote 10.3.8","slideList":["C7B4BBE5-C4CF-4095-BBC8-462DE192D821","6130EA98-E886-41F9-8FB8-4FCFAE313279","B5028C17-102C-43C0-89F6-1E26AF7053A9","F012EF83-166A-4035-A334-238CF3128B80"],"soundtrack":{"mode":0,"volume":1},"slideWidth":1920,"slideHeight":1080,"slideCount":4,"majorVersion":1,"minorVersion":2,"fonts":["HelveticaNeue","ProximaNova-Regular","ProximaNova-Bold","ProximaNova-Extrabld","Helvetica","Druk-Medium","ProximaNova-Semibold","ProximaNova-Medium"]}